,<function mink0p5 at 0x0000019BC410F0D0>,cityblock,<function mink1p5 at 0x0000019BDF919D30>,euclidean,<function mink2p5 at 0x0000019BDF9219D0>,<function mink3 at 0x0000019BDF921A60>,<function mink5 at 0x0000019BDF921AF0>,cosine,chebyshev
<function mink0p5 at 0x0000019BC410F0D0>,0.0,3.2149477005004883,3.2149477005004883,3.2149477005004883,3.2149477005004883,3.2149477005004883,3.2149477005004883,3.2149477005004883,3.2149477005004883
cityblock,3.2149477005004883,0.0,0.9100000858306885,1.10999995470047,1.10999995470047,1.10999995470047,1.10999995470047,1.10999995470047,1.10999995470047
<function mink1p5 at 0x0000019BDF919D30>,3.2149477005004883,0.9100000858306885,0.0,0.39139509201049805,0.49799156188964844,0.5245118141174316,0.6184704303741455,0.8296714425086975,0.6865880489349365
euclidean,3.2149477005004883,1.10999995470047,0.39139509201049805,0.0,0.1815495491027832,0.27597880363464355,0.3707571029663086,0.7443830370903015,0.4219181537628174
<function mink2p5 at 0x0000019BDF9219D0>,3.2149477005004883,1.10999995470047,0.49799156188964844,0.1815495491027832,0.0,0.15142488479614258,0.28934359550476074,0.7161955833435059,0.35339653491973877
<function mink3 at 0x0000019BDF921A60>,3.2149477005004883,1.10999995470047,0.5245118141174316,0.27597880363464355,0.15142488479614258,0.0,0.1575767993927002,0.700707197189331,0.23887419700622559
<function mink5 at 0x0000019BDF921AF0>,3.2149477005004883,1.10999995470047,0.6184704303741455,0.3707571029663086,0.28934359550476074,0.1575767993927002,0.0,0.6812511086463928,0.10095548629760742
cosine,3.2149477005004883,1.10999995470047,0.8296714425086975,0.7443830370903015,0.7161955833435059,0.700707197189331,0.6812511086463928,0.0,0.7000000476837158
chebyshev,3.2149477005004883,1.10999995470047,0.6865880489349365,0.4219181537628174,0.35339653491973877,0.23887419700622559,0.10095548629760742,0.7000000476837158,0.0
